{
  "document": {
    "pageListHeight": 85,
    "libraryListCollapsed": 0,
    "pageListCollapsed": 0
  },
  "74CAA470-6EA1-4587-98F4-56D02C3E64B4": {
    "scrollOrigin": "{735, 438}",
    "zoomValue": 0.2237871297896479
  },
  "32E26C85-AAF3-4517-ABAC-1FD33F4AF3F2": {
    "scrollOrigin": "{1026, 289}",
    "zoomValue": 0.3946671852276496
  }
}
